Taxonomy,sample,relab,timepoint,mouse_id
Muribaculaceae,D4M31,0.276491059642386,D4,M31
Bacteroidaceae,D4M31,0.270730829233169,D4,M31
Lachnospiraceae,D4M31,0.111964478579143,D4,M31
Lactobacillaceae,D4M31,0.0682027281091244,D4,M31
Erysipelotrichaceae,D4M31,0.0327213088523541,D4,M31
Akkermansiaceae,D4M31,0.0143605744229769,D4,M31
Rikenellaceae,D4M31,0.0396415856634265,D4,M31
Deferribacteraceae,D4M31,0.0297211888475539,D4,M31
Oscillospiraceae,D4M31,0.0133205328213129,D4,M31
Ruminococcaceae,D4M31,0.0387215488619545,D4,M31
Muribaculaceae,D4M32,0.290451618064723,D4,M32
Bacteroidaceae,D4M32,0.213448537941518,D4,M32
Lachnospiraceae,D4M32,0.094363774550982,D4,M32
Lactobacillaceae,D4M32,0.0678827153086123,D4,M32
Erysipelotrichaceae,D4M32,0.107804312172487,D4,M32
Akkermansiaceae,D4M32,0.0111204448177927,D4,M32
Rikenellaceae,D4M32,0.0687627505100204,D4,M32
Deferribacteraceae,D4M32,0.0091203648145925,D4,M32
Oscillospiraceae,D4M32,0.0100804032161286,D4,M32
Ruminococcaceae,D4M32,0.0197207888315533,D4,M32
Muribaculaceae,D4M33,0.166846673866955,D4,M33
Bacteroidaceae,D4M33,0.406616264650586,D4,M33
Lachnospiraceae,D4M33,0.183407336293452,D4,M33
Lactobacillaceae,D4M33,0.0028801152046081,D4,M33
Erysipelotrichaceae,D4M33,0.0332013280531221,D4,M33
Akkermansiaceae,D4M33,0.000160006400256,D4,M33
Rikenellaceae,D4M33,0.12532501300052,D4,M33
Deferribacteraceae,D4M33,0.0040401616064642,D4,M33
Oscillospiraceae,D4M33,0.0068402736109444,D4,M33
Ruminococcaceae,D4M33,0.0172406896275851,D4,M33
Muribaculaceae,D4M34,0.0929637185487419,D4,M34
Bacteroidaceae,D4M34,0.0514420576823073,D4,M34
Lachnospiraceae,D4M34,0.0500820032801312,D4,M34
Lactobacillaceae,D4M34,0.0707228289131565,D4,M34
Erysipelotrichaceae,D4M34,0.0244809792391696,D4,M34
Akkermansiaceae,D4M34,0.0061602464098563,D4,M34
Rikenellaceae,D4M34,0.0391215648625945,D4,M34
Deferribacteraceae,D4M34,0.0136805472218889,D4,M34
Oscillospiraceae,D4M34,0.0303212128485139,D4,M34
Ruminococcaceae,D4M34,0.0063602544101764,D4,M34
Muribaculaceae,D4M35,0.161446457858314,D4,M35
Bacteroidaceae,D4M35,0.391295651826073,D4,M35
Lachnospiraceae,D4M35,0.0129205168206728,D4,M35
Lactobacillaceae,D4M35,0.0668826753070123,D4,M35
Erysipelotrichaceae,D4M35,0.0672826913076523,D4,M35
Akkermansiaceae,D4M35,0.000960038401536,D4,M35
Rikenellaceae,D4M35,0.0548021920876835,D4,M35
Deferribacteraceae,D4M35,0.0442017680707228,D4,M35
Oscillospiraceae,D4M35,0.0408016320652826,D4,M35
Ruminococcaceae,D4M35,0.0142805712228489,D4,M35
Muribaculaceae,D4M36,0.364494579783191,D4,M36
Bacteroidaceae,D4M36,0.18888755550222,D4,M36
Lachnospiraceae,D4M36,0.134445377815113,D4,M36
Lactobacillaceae,D4M36,0.0522420896835873,D4,M36
Erysipelotrichaceae,D4M36,0.0576823072922917,D4,M36
Akkermansiaceae,D4M36,0.000480019200768,D4,M36
Rikenellaceae,D4M36,0.109724388975559,D4,M36
Deferribacteraceae,D4M36,0.0138405536221449,D4,M36
Oscillospiraceae,D4M36,0.0020800832033281,D4,M36
Ruminococcaceae,D4M36,0.0120004800192008,D4,M36
Muribaculaceae,D4M37,0.41665666626665,D4,M37
Bacteroidaceae,D4M37,0.171166846673867,D4,M37
Lachnospiraceae,D4M37,0.155446217848714,D4,M37
Lactobacillaceae,D4M37,0.0144805792231689,D4,M37
Erysipelotrichaceae,D4M37,0.0288011520460818,D4,M37
Akkermansiaceae,D4M37,0.000320012800512,D4,M37
Rikenellaceae,D4M37,0.133405336213449,D4,M37
Deferribacteraceae,D4M37,0.0072802912116484,D4,M37
Oscillospiraceae,D4M37,0.016080643225729,D4,M37
Ruminococcaceae,D4M37,0.0060002400096003,D4,M37
Muribaculaceae,D4M38,0.449897995919837,D4,M38
Bacteroidaceae,D4M38,0.159846393855754,D4,M38
Lachnospiraceae,D4M38,0.0906036241449658,D4,M38
Lactobacillaceae,D4M38,0.0030401216048641,D4,M38
Erysipelotrichaceae,D4M38,0.0764030561222449,D4,M38
Akkermansiaceae,D4M38,0.000280011200448,D4,M38
Rikenellaceae,D4M38,0.0702828113124525,D4,M38
Deferribacteraceae,D4M38,0.0138805552222089,D4,M38
Oscillospiraceae,D4M38,0.0120404816192648,D4,M38
Ruminococcaceae,D4M38,0.0133605344213769,D4,M38
Muribaculaceae,D4M39,0.50070002800112,D4,M39
Bacteroidaceae,D4M39,0.126565062602504,D4,M39
Lachnospiraceae,D4M39,0.127845113804552,D4,M39
Lactobacillaceae,D4M39,0.0024000960038401,D4,M39
Erysipelotrichaceae,D4M39,0.0378015120604824,D4,M39
Akkermansiaceae,D4M39,4.00016000640026e-05,D4,M39
Rikenellaceae,D4M39,0.112364494579783,D4,M39
Deferribacteraceae,D4M39,0.0192007680307212,D4,M39
Oscillospiraceae,D4M39,0.001240049601984,D4,M39
Ruminococcaceae,D4M39,0.0107204288171527,D4,M39
Muribaculaceae,D4M40,0.492619704788192,D4,M40
Bacteroidaceae,D4M40,0.22596903876155,D4,M40
Lachnospiraceae,D4M40,0.09444377775111,D4,M40
Lactobacillaceae,D4M40,0.015920636825473,D4,M40
Erysipelotrichaceae,D4M40,0.0387215488619545,D4,M40
Akkermansiaceae,D4M40,0.0,D4,M40
Rikenellaceae,D4M40,0.0986039441577663,D4,M40
Deferribacteraceae,D4M40,0.0019200768030721,D4,M40
Oscillospiraceae,D4M40,0.0037201488059522,D4,M40
Ruminococcaceae,D4M40,0.0058002320092803,D4,M40
Muribaculaceae,D5M31,0.339773590943638,D5,M31
Bacteroidaceae,D5M31,0.208688347533901,D5,M31
Lachnospiraceae,D5M31,0.0396415856634265,D5,M31
Lactobacillaceae,D5M31,0.0028401136045441,D5,M31
Erysipelotrichaceae,D5M31,0.0486419456778271,D5,M31
Akkermansiaceae,D5M31,0.137085483419337,D5,M31
Rikenellaceae,D5M31,0.110844433777351,D5,M31
Deferribacteraceae,D5M31,0.0126005040201608,D5,M31
Oscillospiraceae,D5M31,0.0292811712468499,D5,M31
Ruminococcaceae,D5M31,0.0175607024280971,D5,M31
Muribaculaceae,D5M32,0.395895835833433,D5,M32
Bacteroidaceae,D5M32,0.154486179447178,D5,M32
Lachnospiraceae,D5M32,0.0963238529541182,D5,M32
Lactobacillaceae,D5M32,0.0045601824072962,D5,M32
Erysipelotrichaceae,D5M32,0.0456418256730269,D5,M32
Akkermansiaceae,D5M32,0.077803112124485,D5,M32
Rikenellaceae,D5M32,0.138805552222089,D5,M32
Deferribacteraceae,D5M32,0.0343613744549782,D5,M32
Oscillospiraceae,D5M32,0.0048001920076803,D5,M32
Ruminococcaceae,D5M32,0.0108404336173447,D5,M32
Muribaculaceae,D5M33,0.458338333533341,D5,M33
Bacteroidaceae,D5M33,0.0686027441097644,D5,M33
Lachnospiraceae,D5M33,0.119044761790472,D5,M33
Lactobacillaceae,D5M33,0.0056402256090243,D5,M33
Erysipelotrichaceae,D5M33,0.0568422736909476,D5,M33
Akkermansiaceae,D5M33,0.078403136125445,D5,M33
Rikenellaceae,D5M33,0.0573622944917797,D5,M33
Deferribacteraceae,D5M33,0.0766030641225649,D5,M33
Oscillospiraceae,D5M33,0.0129605184207368,D5,M33
Ruminococcaceae,D5M33,0.0068002720108804,D5,M33
Muribaculaceae,D5M34,0.432977319092764,D5,M34
Bacteroidaceae,D5M34,0.0803632145285811,D5,M34
Lachnospiraceae,D5M34,0.119844793791752,D5,M34
Lactobacillaceae,D5M34,0.001160046401856,D5,M34
Erysipelotrichaceae,D5M34,0.0454018160726429,D5,M34
Akkermansiaceae,D5M34,0.0546421856874275,D5,M34
Rikenellaceae,D5M34,0.15720628825153,D5,M34
Deferribacteraceae,D5M34,0.0018400736029441,D5,M34
Oscillospiraceae,D5M34,0.0256810272410896,D5,M34
Ruminococcaceae,D5M34,0.0276411056442258,D5,M34
Muribaculaceae,D5M35,0.578943157726309,D5,M35
Bacteroidaceae,D5M35,0.0740429617184687,D5,M35
Lachnospiraceae,D5M35,0.0520020800832033,D5,M35
Lactobacillaceae,D5M35,0.0041601664066562,D5,M35
Erysipelotrichaceae,D5M35,0.0260810432417297,D5,M35
Akkermansiaceae,D5M35,0.0327613104524181,D5,M35
Rikenellaceae,D5M35,0.141765670626825,D5,M35
Deferribacteraceae,D5M35,0.015960638425537,D5,M35
Oscillospiraceae,D5M35,0.0076003040121604,D5,M35
Ruminococcaceae,D5M35,0.0245609824392976,D5,M35
Muribaculaceae,D5M36,0.0,D5,M36
Bacteroidaceae,D5M36,0.0,D5,M36
Lachnospiraceae,D5M36,0.0,D5,M36
Lactobacillaceae,D5M36,0.0,D5,M36
Erysipelotrichaceae,D5M36,0.0,D5,M36
Akkermansiaceae,D5M36,0.0,D5,M36
Rikenellaceae,D5M36,0.0,D5,M36
Deferribacteraceae,D5M36,0.0,D5,M36
Oscillospiraceae,D5M36,0.0,D5,M36
Ruminococcaceae,D5M36,0.0,D5,M36
Muribaculaceae,D5M37,0.528421136845474,D5,M37
Bacteroidaceae,D5M37,0.015400616024641,D5,M37
Lachnospiraceae,D5M37,0.145485819432777,D5,M37
Lactobacillaceae,D5M37,0.0113604544181767,D5,M37
Erysipelotrichaceae,D5M37,0.0958038321532861,D5,M37
Akkermansiaceae,D5M37,0.0582023280931237,D5,M37
Rikenellaceae,D5M37,0.0227609104364175,D5,M37
Deferribacteraceae,D5M37,0.0222808912356494,D5,M37
Oscillospiraceae,D5M37,0.0082403296131845,D5,M37
Ruminococcaceae,D5M37,0.0131205248209928,D5,M37
Muribaculaceae,D5M38,0.535701428057122,D5,M38
Bacteroidaceae,D5M38,0.0226009040361614,D5,M38
Lachnospiraceae,D5M38,0.158166326653066,D5,M38
Lactobacillaceae,D5M38,0.0173606944277771,D5,M38
Erysipelotrichaceae,D5M38,0.0518020720828833,D5,M38
Akkermansiaceae,D5M38,0.0198807952318093,D5,M38
Rikenellaceae,D5M38,0.0513620544821793,D5,M38
Deferribacteraceae,D5M38,0.0254410176407056,D5,M38
Oscillospiraceae,D5M38,0.0052802112084483,D5,M38
Ruminococcaceae,D5M38,0.0126005040201608,D5,M38
Muribaculaceae,D5M39,0.526541061642466,D5,M39
Bacteroidaceae,D5M39,0.0282411296451858,D5,M39
Lachnospiraceae,D5M39,0.162766510660426,D5,M39
Lactobacillaceae,D5M39,0.0245609824392976,D5,M39
Erysipelotrichaceae,D5M39,0.0497219888795552,D5,M39
Akkermansiaceae,D5M39,0.031641265650626,D5,M39
Rikenellaceae,D5M39,0.0486419456778271,D5,M39
Deferribacteraceae,D5M39,0.0252410096403856,D5,M39
Oscillospiraceae,D5M39,0.0045201808072322,D5,M39
Ruminococcaceae,D5M39,0.0108404336173447,D5,M39
Muribaculaceae,D5M40,0.418176727069083,D5,M40
Bacteroidaceae,D5M40,0.0246409856394256,D5,M40
Lachnospiraceae,D5M40,0.0886435457418297,D5,M40
Lactobacillaceae,D5M40,0.0179207168286731,D5,M40
Erysipelotrichaceae,D5M40,0.0172806912276491,D5,M40
Akkermansiaceae,D5M40,0.0321212848513941,D5,M40
Rikenellaceae,D5M40,0.0645225809032361,D5,M40
Deferribacteraceae,D5M40,0.150726029041162,D5,M40
Oscillospiraceae,D5M40,0.0362414496579863,D5,M40
Ruminococcaceae,D5M40,0.0168006720268811,D5,M40
Muribaculaceae,D6M31,0.217048681947278,D6,M31
Bacteroidaceae,D6M31,0.375335013400536,D6,M31
Lachnospiraceae,D6M31,0.130845233809352,D6,M31
Lactobacillaceae,D6M31,0.141285651426057,D6,M31
Erysipelotrichaceae,D6M31,0.0142005680227209,D6,M31
Akkermansiaceae,D6M31,0.000480019200768,D6,M31
Rikenellaceae,D6M31,0.0702828113124525,D6,M31
Deferribacteraceae,D6M31,0.0021600864034561,D6,M31
Oscillospiraceae,D6M31,0.0086803472138885,D6,M31
Ruminococcaceae,D6M31,0.0071202848113924,D6,M31
Muribaculaceae,D6M32,0.268730749229969,D6,M32
Bacteroidaceae,D6M32,0.205648225929037,D6,M32
Lachnospiraceae,D6M32,0.176207048281931,D6,M32
Lactobacillaceae,D6M32,0.152766110644426,D6,M32
Erysipelotrichaceae,D6M32,0.0302412096483859,D6,M32
Akkermansiaceae,D6M32,0.000360014400576,D6,M32
Rikenellaceae,D6M32,0.06276251050042,D6,M32
Deferribacteraceae,D6M32,0.0061202448097923,D6,M32
Oscillospiraceae,D6M32,0.03068122724909,D6,M32
Ruminococcaceae,D6M32,0.0120404816192648,D6,M32
Muribaculaceae,D6M33,0.232529301172047,D6,M33
Bacteroidaceae,D6M33,0.325653026121045,D6,M33
Lachnospiraceae,D6M33,0.150486019440778,D6,M33
Lactobacillaceae,D6M33,0.110844433777351,D6,M33
Erysipelotrichaceae,D6M33,0.0122004880195208,D6,M33
Akkermansiaceae,D6M33,0.00040001600064,D6,M33
Rikenellaceae,D6M33,0.0749629985199408,D6,M33
Deferribacteraceae,D6M33,0.0022400896035841,D6,M33
Oscillospiraceae,D6M33,0.0244809792391696,D6,M33
Ruminococcaceae,D6M33,0.0129605184207368,D6,M33
Muribaculaceae,D6M34,0.2432497299892,D6,M34
Bacteroidaceae,D6M34,0.366254650186007,D6,M34
Lachnospiraceae,D6M34,0.15260610424417,D6,M34
Lactobacillaceae,D6M34,0.046481859274371,D6,M34
Erysipelotrichaceae,D6M34,0.0245209808392336,D6,M34
Akkermansiaceae,D6M34,0.000520020800832,D6,M34
Rikenellaceae,D6M34,0.0909636385455418,D6,M34
Deferribacteraceae,D6M34,0.0064002560102404,D6,M34
Oscillospiraceae,D6M34,0.0168406736269451,D6,M34
Ruminococcaceae,D6M34,0.0142005680227209,D6,M34
Muribaculaceae,D6M35,0.22476899075963,D6,M35
Bacteroidaceae,D6M35,0.430257210288412,D6,M35
Lachnospiraceae,D6M35,0.0863234529381175,D6,M35
Lactobacillaceae,D6M35,0.0538021520860834,D6,M35
Erysipelotrichaceae,D6M35,0.0166406656266251,D6,M35
Akkermansiaceae,D6M35,0.0023200928037121,D6,M35
Rikenellaceae,D6M35,0.0457218288731549,D6,M35
Deferribacteraceae,D6M35,0.0044401776071042,D6,M35
Oscillospiraceae,D6M35,0.0798431937277491,D6,M35
Ruminococcaceae,D6M35,0.0165206608264331,D6,M35
Muribaculaceae,D6M36,0.423496939877595,D6,M36
Bacteroidaceae,D6M36,0.10164406576263,D6,M36
Lachnospiraceae,D6M36,0.126885075403016,D6,M36
Lactobacillaceae,D6M36,0.0892835713428537,D6,M36
Erysipelotrichaceae,D6M36,0.0412016480659226,D6,M36
Akkermansiaceae,D6M36,0.000640025601024,D6,M36
Rikenellaceae,D6M36,0.141725669026761,D6,M36
Deferribacteraceae,D6M36,0.0189207568302732,D6,M36
Oscillospiraceae,D6M36,0.0079203168126725,D6,M36
Ruminococcaceae,D6M36,0.0120804832193288,D6,M36
Muribaculaceae,D6M37,0.424056962278491,D6,M37
Bacteroidaceae,D6M37,0.109884395375815,D6,M37
Lachnospiraceae,D6M37,0.144925797031881,D6,M37
Lactobacillaceae,D6M37,0.0860434417376695,D6,M37
Erysipelotrichaceae,D6M37,0.0110004400176007,D6,M37
Akkermansiaceae,D6M37,0.0017600704028161,D6,M37
Rikenellaceae,D6M37,0.109644385775431,D6,M37
Deferribacteraceae,D6M37,0.0062802512100484,D6,M37
Oscillospiraceae,D6M37,0.0188407536301452,D6,M37
Ruminococcaceae,D6M37,0.0091203648145925,D6,M37
Muribaculaceae,D6M38,0.53818152726109,D6,M38
Bacteroidaceae,D6M38,0.169846793871755,D6,M38
Lachnospiraceae,D6M38,0.079163166526661,D6,M38
Lactobacillaceae,D6M38,0.0059202368094723,D6,M38
Erysipelotrichaceae,D6M38,0.0698027921116845,D6,M38
Akkermansiaceae,D6M38,0.001080043201728,D6,M38
Rikenellaceae,D6M38,0.0772030881235249,D6,M38
Deferribacteraceae,D6M38,0.0055202208088323,D6,M38
Oscillospiraceae,D6M38,0.0094803792151686,D6,M38
Ruminococcaceae,D6M38,0.0077203088123524,D6,M38
Muribaculaceae,D6M39,0.539461578463139,D6,M39
Bacteroidaceae,D6M39,0.0992039681587263,D6,M39
Lachnospiraceae,D6M39,0.120004800192008,D6,M39
Lactobacillaceae,D6M39,0.0559222368894756,D6,M39
Erysipelotrichaceae,D6M39,0.0192407696307852,D6,M39
Akkermansiaceae,D6M39,0.000640025601024,D6,M39
Rikenellaceae,D6M39,0.0885635425417017,D6,M39
Deferribacteraceae,D6M39,0.0049601984079363,D6,M39
Oscillospiraceae,D6M39,0.0094403776151046,D6,M39
Ruminococcaceae,D6M39,0.0092803712148485,D6,M39
Muribaculaceae,D6M40,0.46681867274691,D6,M40
Bacteroidaceae,D6M40,0.138165526621065,D6,M40
Lachnospiraceae,D6M40,0.0990839633585343,D6,M40
Lactobacillaceae,D6M40,0.0638425537021481,D6,M40
Erysipelotrichaceae,D6M40,0.0214808592343694,D6,M40
Akkermansiaceae,D6M40,0.00080003200128,D6,M40
Rikenellaceae,D6M40,0.106284251370055,D6,M40
Deferribacteraceae,D6M40,0.0045201808072322,D6,M40
Oscillospiraceae,D6M40,0.0112004480179207,D6,M40
Ruminococcaceae,D6M40,0.0144805792231689,D6,M40
Muribaculaceae,D9M31,0.354694187767511,D9,M31
Bacteroidaceae,D9M31,0.192167686707468,D9,M31
Lachnospiraceae,D9M31,0.252370094803792,D9,M31
Lactobacillaceae,D9M31,0.0504020160806432,D9,M31
Erysipelotrichaceae,D9M31,0.0148405936237449,D9,M31
Akkermansiaceae,D9M31,0.001440057602304,D9,M31
Rikenellaceae,D9M31,0.046321852874115,D9,M31
Deferribacteraceae,D9M31,0.0076803072122884,D9,M31
Oscillospiraceae,D9M31,0.0072402896115844,D9,M31
Ruminococcaceae,D9M31,0.0056002240089603,D9,M31
Muribaculaceae,D9M32,0.436017440697628,D9,M32
Bacteroidaceae,D9M32,0.102844113764551,D9,M32
Lachnospiraceae,D9M32,0.165446617864715,D9,M32
Lactobacillaceae,D9M32,0.0228009120364815,D9,M32
Erysipelotrichaceae,D9M32,0.046361854474179,D9,M32
Akkermansiaceae,D9M32,0.0264810592423697,D9,M32
Rikenellaceae,D9M32,0.0378415136605464,D9,M32
Deferribacteraceae,D9M32,0.0348813952558102,D9,M32
Oscillospiraceae,D9M32,0.0141605664226569,D9,M32
Ruminococcaceae,D9M32,0.0136805472218889,D9,M32
Muribaculaceae,D9M33,0.285971438857554,D9,M33
Bacteroidaceae,D9M33,0.116684667386695,D9,M33
Lachnospiraceae,D9M33,0.375415016600664,D9,M33
Lactobacillaceae,D9M33,0.0042001680067202,D9,M33
Erysipelotrichaceae,D9M33,0.0102804112164487,D9,M33
Akkermansiaceae,D9M33,0.000640025601024,D9,M33
Rikenellaceae,D9M33,0.0524820992839714,D9,M33
Deferribacteraceae,D9M33,0.0362814512580503,D9,M33
Oscillospiraceae,D9M33,0.0204808192327693,D9,M33
Ruminococcaceae,D9M33,0.0054002160086403,D9,M33
Muribaculaceae,D9M34,0.37197487899516,D9,M34
Bacteroidaceae,D9M34,0.205808232329293,D9,M34
Lachnospiraceae,D9M34,0.21556862274491,D9,M34
Lactobacillaceae,D9M34,0.0359214368574743,D9,M34
Erysipelotrichaceae,D9M34,0.0120804832193288,D9,M34
Akkermansiaceae,D9M34,0.0052402096083843,D9,M34
Rikenellaceae,D9M34,0.0841633665346614,D9,M34
Deferribacteraceae,D9M34,0.0046801872074883,D9,M34
Oscillospiraceae,D9M34,0.0127605104204168,D9,M34
Ruminococcaceae,D9M34,0.0046401856074243,D9,M34
Muribaculaceae,D9M35,0.425057002280091,D9,M35
Bacteroidaceae,D9M35,0.206168246729869,D9,M35
Lachnospiraceae,D9M35,0.109604384175367,D9,M35
Lactobacillaceae,D9M35,0.0558422336893476,D9,M35
Erysipelotrichaceae,D9M35,0.0581223248929957,D9,M35
Akkermansiaceae,D9M35,0.0137605504220169,D9,M35
Rikenellaceae,D9M35,0.0591623664946598,D9,M35
Deferribacteraceae,D9M35,0.0136805472218889,D9,M35
Oscillospiraceae,D9M35,0.0054802192087683,D9,M35
Ruminococcaceae,D9M35,0.0063202528101124,D9,M35
Muribaculaceae,D9M36,0.28713148525941,D9,M36
Bacteroidaceae,D9M36,0.162966518660746,D9,M36
Lachnospiraceae,D9M36,0.229249169966799,D9,M36
Lactobacillaceae,D9M36,0.0220808832353294,D9,M36
Erysipelotrichaceae,D9M36,0.0535621424856994,D9,M36
Akkermansiaceae,D9M36,0.000160006400256,D9,M36
Rikenellaceae,D9M36,0.128365134605384,D9,M36
Deferribacteraceae,D9M36,0.0526821072842914,D9,M36
Oscillospiraceae,D9M36,0.0081203248129925,D9,M36
Ruminococcaceae,D9M36,0.0040801632065282,D9,M36
Muribaculaceae,D9M37,0.31101244049762,D9,M37
Bacteroidaceae,D9M37,0.136165446617865,D9,M37
Lachnospiraceae,D9M37,0.222408896355854,D9,M37
Lactobacillaceae,D9M37,0.0076003040121604,D9,M37
Erysipelotrichaceae,D9M37,0.0120004800192008,D9,M37
Akkermansiaceae,D9M37,0.000280011200448,D9,M37
Rikenellaceae,D9M37,0.168046721868875,D9,M37
Deferribacteraceae,D9M37,0.0064402576103044,D9,M37
Oscillospiraceae,D9M37,0.0324412976519061,D9,M37
Ruminococcaceae,D9M37,0.0070002800112004,D9,M37
Muribaculaceae,D9M38,0.36897475899036,D9,M38
Bacteroidaceae,D9M38,0.226009040361614,D9,M38
Lachnospiraceae,D9M38,0.139885595423817,D9,M38
Lactobacillaceae,D9M38,0.0054802192087683,D9,M38
Erysipelotrichaceae,D9M38,0.0259610384415377,D9,M38
Akkermansiaceae,D9M38,0.000840033601344,D9,M38
Rikenellaceae,D9M38,0.116684667386695,D9,M38
Deferribacteraceae,D9M38,0.0042001680067202,D9,M38
Oscillospiraceae,D9M38,0.0223208928357134,D9,M38
Ruminococcaceae,D9M38,0.0103204128165127,D9,M38
Muribaculaceae,D9M39,0.446577863114525,D9,M39
Bacteroidaceae,D9M39,0.159486379455178,D9,M39
Lachnospiraceae,D9M39,0.171646865874635,D9,M39
Lactobacillaceae,D9M39,0.0195607824312973,D9,M39
Erysipelotrichaceae,D9M39,0.0266010640425617,D9,M39
Akkermansiaceae,D9M39,0.0026401056042241,D9,M39
Rikenellaceae,D9M39,0.0948437937517501,D9,M39
Deferribacteraceae,D9M39,0.0085203408136325,D9,M39
Oscillospiraceae,D9M39,0.0104804192167687,D9,M39
Ruminococcaceae,D9M39,0.0084003360134405,D9,M39
Muribaculaceae,D9M40,0.386615464618585,D9,M40
Bacteroidaceae,D9M40,0.127365094603784,D9,M40
Lachnospiraceae,D9M40,0.171926877075083,D9,M40
Lactobacillaceae,D9M40,0.0690427617104684,D9,M40
Erysipelotrichaceae,D9M40,0.014960598423937,D9,M40
Akkermansiaceae,D9M40,0.0028801152046081,D9,M40
Rikenellaceae,D9M40,0.119044761790472,D9,M40
Deferribacteraceae,D9M40,0.0039601584063362,D9,M40
Oscillospiraceae,D9M40,0.015160606424257,D9,M40
Ruminococcaceae,D9M40,0.015640625625025,D9,M40
Muribaculaceae,D12M31,0.395775831033241,D12,M31
Bacteroidaceae,D12M31,0.12992519700788,D12,M31
Lachnospiraceae,D12M31,0.161886475459018,D12,M31
Lactobacillaceae,D12M31,0.15520620824833,D12,M31
Erysipelotrichaceae,D12M31,0.0131605264210568,D12,M31
Akkermansiaceae,D12M31,0.0361214448577943,D12,M31
Rikenellaceae,D12M31,0.0243609744389776,D12,M31
Deferribacteraceae,D12M31,0.0073202928117124,D12,M31
Oscillospiraceae,D12M31,0.0134805392215689,D12,M31
Ruminococcaceae,D12M31,0.0048401936077443,D12,M31
Muribaculaceae,D12M32,0.512660506420257,D12,M32
Bacteroidaceae,D12M32,0.0682427297091884,D12,M32
Lachnospiraceae,D12M32,0.164846593863755,D12,M32
Lactobacillaceae,D12M32,0.0297611904476179,D12,M32
Erysipelotrichaceae,D12M32,0.0502420096803872,D12,M32
Akkermansiaceae,D12M32,0.0400816032641306,D12,M32
Rikenellaceae,D12M32,0.0497619904796192,D12,M32
Deferribacteraceae,D12M32,0.0099203968158726,D12,M32
Oscillospiraceae,D12M32,0.0117204688187528,D12,M32
Ruminococcaceae,D12M32,0.0081603264130565,D12,M32
Muribaculaceae,D12M33,0.412736509460378,D12,M33
Bacteroidaceae,D12M33,0.125565022600904,D12,M33
Lachnospiraceae,D12M33,0.159766390655626,D12,M33
Lactobacillaceae,D12M33,0.0550422016880675,D12,M33
Erysipelotrichaceae,D12M33,0.0219208768350734,D12,M33
Akkermansiaceae,D12M33,0.0647625905036202,D12,M33
Rikenellaceae,D12M33,0.0259610384415377,D12,M33
Deferribacteraceae,D12M33,0.0214408576343054,D12,M33
Oscillospiraceae,D12M33,0.0231609264370575,D12,M33
Ruminococcaceae,D12M33,0.0044401776071042,D12,M33
Muribaculaceae,D12M34,0.401736069442778,D12,M34
Bacteroidaceae,D12M34,0.112204488179527,D12,M34
Lachnospiraceae,D12M34,0.139045561822473,D12,M34
Lactobacillaceae,D12M34,0.199247969918797,D12,M34
Erysipelotrichaceae,D12M34,0.0129605184207368,D12,M34
Akkermansiaceae,D12M34,0.0226409056362255,D12,M34
Rikenellaceae,D12M34,0.0234409376375055,D12,M34
Deferribacteraceae,D12M34,0.0062402496099844,D12,M34
Oscillospiraceae,D12M34,0.0119604784191368,D12,M34
Ruminococcaceae,D12M34,0.0094403776151046,D12,M34
Muribaculaceae,D12M35,0.518020720828833,D12,M35
Bacteroidaceae,D12M35,0.0733629345173807,D12,M35
Lachnospiraceae,D12M35,0.135125405016201,D12,M35
Lactobacillaceae,D12M35,0.112364494579783,D12,M35
Erysipelotrichaceae,D12M35,0.0252010080403216,D12,M35
Akkermansiaceae,D12M35,0.0181207248289932,D12,M35
Rikenellaceae,D12M35,0.0235209408376335,D12,M35
Deferribacteraceae,D12M35,0.0089203568142725,D12,M35
Oscillospiraceae,D12M35,0.0132405296211848,D12,M35
Ruminococcaceae,D12M35,0.0079203168126725,D12,M35
Muribaculaceae,D12M36,0.461138445537822,D12,M36
Bacteroidaceae,D12M36,0.106804272170887,D12,M36
Lachnospiraceae,D12M36,0.155286211448458,D12,M36
Lactobacillaceae,D12M36,0.142165686627465,D12,M36
Erysipelotrichaceae,D12M36,0.0082803312132485,D12,M36
Akkermansiaceae,D12M36,0.00040001600064,D12,M36
Rikenellaceae,D12M36,0.0664826593063723,D12,M36
Deferribacteraceae,D12M36,0.0094803792151686,D12,M36
Oscillospiraceae,D12M36,0.0033601344053762,D12,M36
Ruminococcaceae,D12M36,0.0035201408056322,D12,M36
Muribaculaceae,D12M37,0.504060162406496,D12,M37
Bacteroidaceae,D12M37,0.0970838833553342,D12,M37
Lachnospiraceae,D12M37,0.122684907396296,D12,M37
Lactobacillaceae,D12M37,0.165806632265291,D12,M37
Erysipelotrichaceae,D12M37,0.0134805392215689,D12,M37
Akkermansiaceae,D12M37,0.000480019200768,D12,M37
Rikenellaceae,D12M37,0.0495219808792352,D12,M37
Deferribacteraceae,D12M37,0.0028401136045441,D12,M37
Oscillospiraceae,D12M37,0.0102404096163847,D12,M37
Ruminococcaceae,D12M37,0.0032001280051202,D12,M37
Muribaculaceae,D12M38,0.497619904796192,D12,M38
Bacteroidaceae,D12M38,0.148125925037001,D12,M38
Lachnospiraceae,D12M38,0.171126845073803,D12,M38
Lactobacillaceae,D12M38,0.0047601904076163,D12,M38
Erysipelotrichaceae,D12M38,0.0232409296371855,D12,M38
Akkermansiaceae,D12M38,0.000520020800832,D12,M38
Rikenellaceae,D12M38,0.093003720148806,D12,M38
Deferribacteraceae,D12M38,0.001120044801792,D12,M38
Oscillospiraceae,D12M38,0.0098803952158086,D12,M38
Ruminococcaceae,D12M38,0.0050002000080003,D12,M38
Muribaculaceae,D12M39,0.62022480899236,D12,M39
Bacteroidaceae,D12M39,0.100564022560902,D12,M39
Lachnospiraceae,D12M39,0.133845353814153,D12,M39
Lactobacillaceae,D12M39,0.0392415696627865,D12,M39
Erysipelotrichaceae,D12M39,0.0078003120124805,D12,M39
Akkermansiaceae,D12M39,0.000440017600704,D12,M39
Rikenellaceae,D12M39,0.0506020240809632,D12,M39
Deferribacteraceae,D12M39,0.0023200928037121,D12,M39
Oscillospiraceae,D12M39,0.0048801952078083,D12,M39
Ruminococcaceae,D12M39,0.0054402176087043,D12,M39
Muribaculaceae,D12M40,0.441377655106204,D12,M40
Bacteroidaceae,D12M40,0.221608864354574,D12,M40
Lachnospiraceae,D12M40,0.153886155446218,D12,M40
Lactobacillaceae,D12M40,0.0269210768430737,D12,M40
Erysipelotrichaceae,D12M40,0.0303212128485139,D12,M40
Akkermansiaceae,D12M40,0.000680027201088,D12,M40
Rikenellaceae,D12M40,0.0718828753150126,D12,M40
Deferribacteraceae,D12M40,0.0055202208088323,D12,M40
Oscillospiraceae,D12M40,0.0131605264210568,D12,M40
Ruminococcaceae,D12M40,0.0040801632065282,D12,M40
